time,ax (m/s^2),ay (m/s^2),az (m/s^2),aT (m/s^2)
0.001146,0.0004,0.0047,0.0784,0.079
0.001723,0.0099,-0.0145,0.0544,0.057
0.011412,0.0217,-0.0192,0.0688,0.075
0.016783,0.0024,-0.0119,0.0664,0.067
0.024832,0.0023,-0.0095,0.0640,0.065
0.033460,0.0047,-0.0000,0.0688,0.069
0.041912,0.0119,-0.0166,0.0712,0.074
0.048329,-0.0050,0.0026,0.0712,0.071
0.056604,0.0118,-0.0118,0.0640,0.066
0.064271,0.0164,-0.0166,0.0736,0.077
0.072530,0.0115,0.0072,0.0879,0.089
0.080388,0.0042,-0.0022,0.0592,0.059
0.089135,0.0067,-0.0166,0.0616,0.064
0.097140,-0.0004,-0.0046,0.0688,0.069
0.104338,0.0020,-0.0143,0.0736,0.075
0.112435,-0.0004,-0.0190,0.0808,0.083
0.126363,0.0067,-0.0238,0.0760,0.080
0.128369,0.0211,0.0003,0.0855,0.088
0.136122,-0.0123,-0.0189,0.0784,0.082
0.144107,0.0165,0.0003,0.0592,0.061
0.152254,-0.0026,-0.0045,0.0736,0.074
0.160328,0.0071,-0.0093,0.0784,0.079
0.168303,0.0118,-0.0117,0.0712,0.073
0.176770,-0.0049,0.0003,0.0496,0.050
0.184279,-0.0025,-0.0165,0.0640,0.066
0.192399,0.0047,-0.0069,0.0808,0.081
0.201405,0.0024,-0.0117,0.0712,0.072
0.208466,-0.0024,-0.0045,0.0688,0.069
0.216843,0.0143,-0.0189,0.0784,0.082
0.225460,0.0094,-0.0045,0.0760,0.077
0.233334,0.0022,0.0002,0.0760,0.076
0.242207,0.0118,0.0051,0.0592,0.061
0.250203,0.0093,-0.0069,0.0784,0.079
0.256461,-0.0003,-0.0022,0.0640,0.064
0.264549,0.0069,-0.0213,0.0808,0.084
0.272353,-0.0026,-0.0021,0.0951,0.095
0.280659,0.0141,-0.0071,0.0760,0.078
0.288457,0.0189,-0.0119,0.0664,0.070
0.296469,0.0261,-0.0024,0.0736,0.078
0.304542,-0.0002,0.0048,0.0808,0.081
0.312283,-0.0073,-0.0048,0.0712,0.072
0.320321,0.0143,-0.0239,0.0712,0.076
0.328324,0.0072,-0.0144,0.0592,0.061
0.336512,-0.0001,-0.0145,0.0688,0.070
0.344473,-0.0001,0.0094,0.0664,0.067
0.352507,0.0071,-0.0146,0.0760,0.078
0.360550,0.0096,0.0046,0.0808,0.081
0.368329,-0.0144,-0.0193,0.0640,0.068
0.376515,0.0215,-0.0145,0.0496,0.056
0.384536,-0.0097,-0.0073,0.0832,0.084
0.392471,0.0215,-0.0192,0.0688,0.075
0.401783,0.0024,-0.0049,0.0664,0.067
0.408527,-0.0048,-0.0193,0.0616,0.065
0.416684,0.0215,0.0023,0.0808,0.084
0.425125,0.0287,-0.0120,0.0736,0.080
0.433607,0.0168,-0.0097,0.0736,0.076
0.442005,0.0241,-0.0169,0.0712,0.077
0.448441,0.0120,-0.0049,0.0544,0.056
0.456959,0.0072,-0.0049,0.0760,0.076
0.464228,0.0096,-0.0097,0.0832,0.084
0.472232,0.0239,-0.0120,0.0832,0.087
0.480266,0.0121,-0.0049,0.0712,0.072
0.488693,0.0024,0.0022,0.0784,0.078
0.496476,0.0142,-0.0002,0.0832,0.084
0.504394,0.0070,-0.0217,0.0640,0.068
0.512422,0.0116,-0.0050,0.0640,0.065
0.520325,0.0285,-0.0051,0.0856,0.090
0.528311,0.0117,-0.0217,0.0856,0.089
0.536762,0.0142,0.0022,0.0999,0.101
0.544380,-0.0003,-0.0074,0.0856,0.086
0.552396,0.0093,-0.0146,0.0736,0.076
0.560612,0.0260,-0.0075,0.0688,0.074
0.568568,0.0259,0.0094,0.0712,0.076
0.576608,0.0234,-0.0122,0.0808,0.085
0.584335,0.0209,-0.0170,0.0808,0.085
0.593017,-0.0030,-0.0146,0.0688,0.070
0.604423,0.0256,-0.0050,0.0760,0.080
0.610304,0.0137,-0.0192,0.0712,0.075
0.618693,0.0040,0.0071,0.0880,0.088
0.626543,-0.0081,-0.0024,0.0736,0.074
0.635109,0.0134,-0.0215,0.0903,0.094
0.642949,0.0062,-0.0096,0.0688,0.070
0.651752,0.0037,0.0000,0.0736,0.074
0.659406,0.0060,-0.0121,0.0736,0.075
0.667837,0.0156,0.0048,0.0473,0.050
0.673534,-0.0084,-0.0216,0.0712,0.075
0.681710,0.0084,-0.0288,0.0808,0.086
0.689690,0.0059,-0.0095,0.0688,0.070
0.696815,0.0155,-0.0119,0.0832,0.085
0.705238,0.0202,0.0000,0.0712,0.074
0.713447,0.0057,-0.0095,0.0808,0.082
0.721046,0.0082,-0.0048,0.0856,0.086
0.729388,-0.0014,-0.0120,0.0808,0.082
0.737508,0.0177,-0.0049,0.0449,0.048
0.745125,0.0010,-0.0075,0.0784,0.079
0.753403,0.0058,-0.0099,0.1023,0.103
0.760927,0.0035,-0.0074,0.0497,0.050
0.768942,0.0084,-0.0049,0.0880,0.088
0.776830,-0.0060,-0.0002,0.0880,0.088
0.784750,-0.0036,-0.0098,0.0856,0.086
0.793306,-0.0155,-0.0170,0.0760,0.079
0.804432,0.0061,-0.0122,0.0688,0.070
0.810710,0.0205,-0.0122,0.0664,0.071
0.818331,0.0037,-0.0169,0.0808,0.083
0.826837,0.0014,-0.0122,0.0712,0.072
0.834825,0.0183,-0.0145,0.0616,0.066
0.842591,0.0086,-0.0049,0.0688,0.070
0.851430,0.0087,-0.0097,0.0688,0.070
0.859774,0.0110,-0.0026,0.0784,0.079
0.868079,0.0111,-0.0313,0.0736,0.081
0.873451,0.0015,-0.0048,0.0999,0.100
0.881112,0.0086,-0.0073,0.0808,0.082
0.889631,0.0109,-0.0048,0.0712,0.072
0.897887,-0.0059,-0.0119,0.0784,0.080
0.906052,0.0156,-0.0095,0.0808,0.083
0.912907,0.0206,-0.0023,0.0544,0.058
0.921412,-0.0033,-0.0046,0.0712,0.071
0.930057,0.0111,-0.0141,0.0712,0.073
0.937718,0.0134,-0.0214,0.0856,0.089
0.945138,-0.0010,0.0026,0.0640,0.064
0.953339,-0.0106,0.0001,0.0712,0.072
0.961061,-0.0033,-0.0022,0.0688,0.069
0.968736,0.0086,-0.0141,0.0616,0.064
0.977214,0.0110,-0.0142,0.0927,0.094
0.984800,0.0135,0.0003,0.0568,0.058
0.993394,0.0137,-0.0117,0.0784,0.080
1.004536,0.0137,0.0027,0.0784,0.080
1.010114,0.0064,-0.0092,0.1095,0.110
1.016831,0.0041,-0.0210,0.0736,0.077
1.026533,0.0208,-0.0139,0.0712,0.075
1.034912,0.0135,-0.0186,0.0927,0.096
1.042524,-0.0056,-0.0211,0.0592,0.063
1.051562,0.0112,-0.0067,0.0808,0.082
1.059020,-0.0007,-0.0139,0.0736,0.075
1.067502,0.0208,-0.0162,0.0760,0.080
1.073148,-0.0032,0.0029,0.0592,0.059
1.080934,0.0231,0.0053,0.0640,0.068
1.088823,0.0184,-0.0114,0.0592,0.063
1.102244,-0.0034,-0.0066,0.0616,0.062
1.108936,-0.0106,-0.0043,0.0736,0.074
1.113136,0.0084,-0.0162,0.0544,0.057
1.120884,-0.0036,-0.0137,0.0808,0.082
1.128922,0.0036,-0.0138,0.0664,0.068
1.136222,0.0035,-0.0137,0.0808,0.082
1.144410,0.0084,-0.0113,0.0664,0.068
1.152623,0.0205,-0.0065,0.0760,0.079
1.160890,-0.0059,-0.0113,0.0784,0.079
1.168816,0.0251,-0.0304,0.0832,0.092
1.177320,0.0059,0.0008,0.0616,0.062
1.185105,0.0131,-0.0232,0.0736,0.078
1.192770,0.0227,-0.0063,0.0520,0.057
1.202942,0.0156,-0.0085,0.0592,0.062
1.208933,0.0084,-0.0110,0.0784,0.080
1.217324,0.0084,0.0012,0.0760,0.076
1.225081,0.0109,-0.0060,0.0640,0.065
1.234511,-0.0106,-0.0084,0.0832,0.084
1.242264,0.0157,-0.0252,0.0736,0.079
1.250713,0.0108,-0.0013,0.0832,0.084
1.259268,0.0083,-0.0132,0.0688,0.071
1.267970,0.0226,-0.0060,0.0736,0.077
1.275774,-0.0015,-0.0106,0.0784,0.079
1.281217,0.0056,-0.0011,0.0664,0.067
1.289250,-0.0039,-0.0083,0.0784,0.079
1.297692,0.0104,-0.0108,0.0664,0.068
1.305192,0.0056,-0.0109,0.0592,0.060
1.313220,-0.0017,-0.0036,0.0784,0.078
1.320286,0.0126,-0.0061,0.0520,0.054
1.328664,0.0102,-0.0038,0.0880,0.089
1.336727,0.0102,0.0010,0.0688,0.070
1.344386,0.0078,-0.0063,0.0712,0.072
1.352625,-0.0066,-0.0254,0.0808,0.085
1.361162,0.0006,-0.0207,0.0640,0.067
1.369248,0.0102,0.0151,0.0616,0.064
1.377100,0.0103,-0.0065,0.0784,0.079
1.385582,0.0006,-0.0065,0.0664,0.067
1.392912,0.0125,0.0030,0.0880,0.089
1.402529,-0.0115,0.0007,0.0808,0.082
1.409569,-0.0042,0.0007,0.0784,0.078
1.417068,-0.0114,-0.0017,0.0736,0.074
1.425022,0.0031,-0.0113,0.0856,0.086
1.433810,0.0079,-0.0065,0.0712,0.072
1.441790,0.0032,0.0007,0.0616,0.062
1.451259,0.0151,-0.0041,0.0856,0.087
1.459596,-0.0041,-0.0113,0.0520,0.053
1.467711,0.0031,-0.0209,0.0736,0.077
1.475803,0.0104,-0.0139,0.0712,0.073
1.483811,0.0031,-0.0018,0.0640,0.064
1.489067,-0.0066,-0.0066,0.0736,0.074
1.497279,-0.0017,-0.0090,0.0808,0.081
1.505286,0.0054,-0.0257,0.0856,0.090
1.513370,-0.0042,-0.0018,0.0712,0.071
1.521351,0.0031,-0.0090,0.0784,0.079
1.528853,0.0008,-0.0042,0.0808,0.081
1.537486,0.0079,-0.0139,0.0880,0.089
1.545342,0.0103,-0.0139,0.0568,0.059
1.553134,0.0152,-0.0139,0.0736,0.076
1.561365,0.0103,-0.0068,0.0951,0.096
1.569247,0.0151,-0.0092,0.0664,0.069
1.577483,0.0176,-0.0093,0.0712,0.074
1.585071,0.0151,0.0123,0.0736,0.076
1.592788,0.0079,-0.0069,0.0616,0.063
1.603342,0.0103,0.0002,0.0784,0.079
1.609490,0.0031,-0.0165,0.0568,0.059
1.616902,-0.0137,-0.0093,0.0544,0.057
1.625800,-0.0017,-0.0140,0.0832,0.084
1.634748,0.0246,-0.0140,0.0760,0.081
1.642294,0.0247,-0.0044,0.0592,0.064
1.649992,-0.0017,-0.0091,0.0688,0.069
1.658085,0.0151,-0.0044,0.0640,0.066
1.666972,0.0079,-0.0092,0.0664,0.068
1.675678,0.0055,0.0075,0.0712,0.072
1.683975,0.0104,-0.0260,0.0544,0.061
1.691933,0.0032,-0.0235,0.0520,0.057
1.703779,0.0176,-0.0186,0.0664,0.071
1.705157,0.0175,-0.0114,0.0712,0.074
1.713497,0.0032,0.0054,0.0927,0.093
1.720858,0.0008,-0.0091,0.0736,0.074
1.729106,0.0176,0.0029,0.0736,0.076
1.737476,0.0247,0.0030,0.0688,0.073
1.744929,0.0152,0.0077,0.0664,0.069
1.752691,0.0152,-0.0041,0.0784,0.080
1.761337,0.0224,-0.0089,0.0784,0.082
1.768730,0.0177,-0.0232,0.0640,0.070
1.776597,0.0128,0.0008,0.0688,0.070
1.784656,0.0104,-0.0016,0.0784,0.079
1.792456,0.0079,-0.0017,0.0568,0.057
1.800396,0.0056,-0.0042,0.0616,0.062
1.809027,0.0248,-0.0162,0.0664,0.073
1.816498,0.0175,-0.0065,0.0999,0.102
1.825269,0.0031,-0.0112,0.0736,0.074
1.833763,0.0079,-0.0016,0.0808,0.081
1.840546,-0.0016,-0.0040,0.0880,0.088
1.848452,0.0104,-0.0207,0.0736,0.077
1.856961,0.0103,-0.0040,0.0736,0.074
1.864830,0.0150,-0.0016,0.0496,0.052
1.873938,0.0030,-0.0160,0.0760,0.078
1.882001,0.0175,-0.0159,0.0832,0.086
1.888643,-0.0042,-0.0015,0.0449,0.045
1.897116,0.0149,-0.0087,0.0784,0.080
1.904299,-0.0235,-0.0088,0.0784,0.082
1.912644,0.0124,-0.0255,0.0592,0.066
1.920686,0.0028,-0.0184,0.0664,0.069
1.928801,-0.0021,-0.0064,0.0664,0.067
1.937353,0.0099,-0.0064,0.0736,0.075
1.945630,-0.0044,-0.0185,0.0880,0.090
1.953407,0.0029,-0.0136,0.0640,0.066
1.961281,0.0005,-0.0303,0.0688,0.075
1.969290,-0.0018,-0.0136,0.0832,0.084
1.977282,-0.0066,-0.0086,0.0640,0.065
1.985376,0.0151,-0.0016,0.0760,0.077
1.992885,0.0128,-0.0039,0.0808,0.082
2.001059,0.0031,-0.0062,0.0640,0.064
2.011949,0.0104,-0.0134,0.0544,0.057
2.017924,0.0248,-0.0038,0.0832,0.087
2.024907,0.0128,-0.0037,0.0712,0.072
2.033962,0.0055,-0.0158,0.0712,0.073
2.042155,0.0008,-0.0085,0.0449,0.046
2.050542,0.0032,-0.0300,0.0903,0.095
2.058165,0.0152,0.0013,0.0760,0.077
2.066662,-0.0087,-0.0084,0.0640,0.065
2.074977,0.0033,-0.0132,0.0712,0.072
2.083335,0.0128,-0.0012,0.0808,0.082
2.091547,0.0151,-0.0181,0.0784,0.082
2.100653,0.0032,-0.0062,0.0808,0.081
2.104770,0.0008,-0.0039,0.0688,0.069
2.119831,0.0033,-0.0111,0.0544,0.056
2.125699,0.0175,-0.0039,0.0856,0.087
2.128793,0.0153,-0.0064,0.0760,0.078
2.136579,0.0105,0.0031,0.0880,0.089
2.144741,0.0128,-0.0137,0.0808,0.083
2.157512,0.0152,-0.0162,0.0664,0.070
2.161984,0.0057,-0.0018,0.0688,0.069
2.169262,0.0033,-0.0211,0.0640,0.067
2.177619,0.0154,-0.0307,0.0616,0.071
2.184789,0.0177,0.0004,0.0784,0.080
2.192731,0.0010,-0.0116,0.0664,0.067
2.200673,0.0010,-0.0023,0.0688,0.069
2.208503,0.0010,0.0025,0.0880,0.088
2.216250,-0.0133,0.0097,0.0760,0.078
2.224377,0.0059,-0.0047,0.0592,0.060
2.233583,-0.0035,-0.0168,0.0856,0.087
2.241995,0.0083,-0.0384,0.0592,0.071
2.249459,-0.0109,-0.0167,0.0640,0.067
2.256419,0.0032,-0.0120,0.0664,0.068
2.264700,0.0033,0.0025,0.0760,0.076
2.273285,0.0104,-0.0143,0.0640,0.066
2.281744,0.0082,-0.0166,0.0736,0.076
2.289677,0.0274,-0.0168,0.0664,0.074
2.296338,0.0083,-0.0147,0.0640,0.066
2.304401,0.0226,-0.0027,0.0760,0.079
2.312618,0.0154,-0.0218,0.0736,0.078
2.320369,0.0129,-0.0051,0.0688,0.070
2.328783,0.0128,-0.0219,0.0664,0.071
2.336516,0.0057,-0.0098,0.0592,0.060
2.344686,0.0152,-0.0242,0.0425,0.051
2.352710,0.0104,-0.0361,0.0760,0.085
2.361081,0.0127,-0.0002,0.0568,0.058
2.369202,0.0006,0.0024,0.0736,0.074
2.376954,0.0149,-0.0192,0.0736,0.078
2.384781,0.0126,-0.0168,0.0736,0.077
2.392874,0.0054,-0.0240,0.0688,0.073
2.402189,-0.0016,0.0046,0.0688,0.069
2.411399,-0.0016,-0.0217,0.0856,0.088
2.416747,0.0153,-0.0146,0.0760,0.079
2.424829,0.0035,-0.0003,0.0856,0.086
2.433038,0.0012,-0.0148,0.0808,0.082
2.441270,0.0180,0.0018,0.0712,0.073
2.449551,0.0060,-0.0126,0.0616,0.063
2.458139,0.0035,-0.0032,0.0880,0.088
2.467234,0.0035,-0.0079,0.0712,0.072
2.474802,0.0060,-0.0151,0.0688,0.071
2.483693,0.0083,-0.0127,0.0832,0.085
2.491902,0.0179,-0.0057,0.0784,0.081
2.500650,0.0012,-0.0177,0.0784,0.080
2.505698,0.0037,-0.0058,0.0999,0.100
2.513026,0.0157,-0.0154,0.0688,0.072
2.521648,0.0133,-0.0107,0.0592,0.062
2.529049,0.0037,-0.0204,0.0856,0.088
2.536681,0.0061,-0.0133,0.0616,0.063
2.544867,0.0181,-0.0158,0.0616,0.066
2.553314,0.0085,-0.0038,0.0664,0.067
2.561416,0.0062,-0.0015,0.0736,0.074
2.569470,0.0133,-0.0015,0.0568,0.058
2.577275,0.0038,0.0033,0.0640,0.064
2.585398,0.0133,-0.0159,0.0688,0.072
2.592825,0.0085,-0.0232,0.0832,0.087
2.601607,0.0229,-0.0160,0.0712,0.077
2.611551,0.0037,0.0080,0.0640,0.065
2.619062,0.0038,-0.0065,0.0640,0.064
2.625052,0.0086,0.0031,0.0904,0.091
2.636081,-0.0058,-0.0041,0.0592,0.060
2.644883,0.0041,-0.0137,0.0568,0.059
2.649122,-0.0007,-0.0138,0.0736,0.075
2.656549,0.0018,0.0003,0.0640,0.064
2.665629,0.0114,0.0003,0.0592,0.060
2.673310,0.0043,-0.0046,0.0497,0.050
2.683239,0.0211,0.0001,0.0616,0.065
2.690406,0.0067,-0.0095,0.0664,0.067
2.697176,0.0018,-0.0120,0.0808,0.082
2.704325,0.0069,-0.0048,0.0736,0.074
2.712290,0.0117,-0.0025,0.0640,0.065
2.720564,0.0072,-0.0121,0.0688,0.070
2.728603,0.0144,0.0021,0.0497,0.052
2.737081,0.0072,-0.0051,0.0880,0.088
2.745070,0.0074,-0.0076,0.0616,0.063
2.754211,-0.0023,-0.0173,0.0712,0.073
2.761653,0.0070,-0.0173,0.0521,0.055
2.769042,0.0094,-0.0030,0.0569,0.058
2.777365,0.0214,-0.0150,0.0616,0.067
2.785581,0.0092,-0.0077,0.0808,0.082
2.792798,0.0162,-0.0102,0.0712,0.074
2.800967,-0.0125,-0.0151,0.0473,0.051
2.810098,0.0258,-0.0128,0.0688,0.075
2.817003,0.0187,-0.0176,0.0497,0.056
2.825420,0.0043,-0.0104,0.0688,0.070
2.833996,0.0043,-0.0057,0.0664,0.067
2.842356,0.0019,-0.0105,0.0545,0.056
2.849824,-0.0052,-0.0129,0.0593,0.061
2.858475,0.0091,-0.0010,0.0712,0.072
2.866899,0.0117,-0.0155,0.0617,0.065
2.875208,0.0069,-0.0083,0.0640,0.065
2.883602,0.0164,-0.0131,0.0569,0.061
2.891536,0.0163,-0.0107,0.0664,0.069
2.900003,-0.0027,-0.0132,0.0569,0.058
2.911413,0.0141,-0.0301,0.0712,0.079
2.912759,0.0189,-0.0301,0.0640,0.073
2.921346,0.0021,-0.0134,0.0617,0.063
2.929157,-0.0002,-0.0277,0.0593,0.065
2.938665,0.0095,-0.0157,0.0545,0.057
2.945247,0.0310,-0.0182,0.0688,0.078
2.953785,0.0190,0.0011,0.0640,0.067
2.961774,-0.0024,-0.0109,0.0473,0.049
2.969358,0.0118,-0.0252,0.0545,0.061
2.977531,0.0165,-0.0203,0.0521,0.058
2.984951,0.0118,-0.0060,0.0617,0.063
2.992817,0.0164,-0.0107,0.0401,0.045
3.001071,-0.0123,-0.0204,0.0760,0.080
3.008742,0.0043,-0.0179,0.0545,0.058
3.019175,0.0257,-0.0131,0.0688,0.075
3.025928,0.0065,-0.0179,0.0401,0.044
3.032815,0.0185,-0.0060,0.0641,0.067
3.042012,0.0066,-0.0179,0.0521,0.055
3.049888,0.0065,-0.0178,0.0593,0.062
3.058879,0.0016,-0.0298,0.0664,0.073
3.066938,0.0064,-0.0250,0.0664,0.071
3.074683,0.0207,-0.0010,0.0688,0.072
3.083644,0.0159,-0.0154,0.0736,0.077
3.091992,0.0086,-0.0178,0.0521,0.056
3.100145,0.0110,-0.0273,0.0641,0.071
3.105320,0.0063,-0.0104,0.0449,0.047
3.113484,-0.0130,-0.0057,0.0449,0.047
3.121053,0.0133,-0.0201,0.0593,0.064
3.135893,-0.0106,-0.0248,0.0641,0.069
3.136526,0.0037,-0.0200,0.0712,0.074
3.144412,-0.0012,-0.0080,0.0641,0.065
3.152620,0.0013,-0.0127,0.0736,0.075
3.160655,-0.0035,-0.0007,0.0712,0.071
3.169339,0.0014,-0.0150,0.0688,0.070
3.178266,0.0040,-0.0030,0.0593,0.059
3.184334,0.0088,-0.0198,0.0688,0.072
3.192758,0.0039,-0.0125,0.0593,0.061
3.200959,-0.0130,-0.0125,0.0449,0.048
3.208295,0.0205,-0.0075,0.0593,0.063
3.216617,0.0205,-0.0218,0.0593,0.066
3.224450,0.0037,-0.0122,0.0545,0.056
3.232391,0.0060,-0.0169,0.0425,0.046
3.240608,0.0011,-0.0049,0.0688,0.069
3.249134,0.0084,-0.0025,0.0425,0.043
3.258151,0.0036,-0.0240,0.0521,0.057
3.266076,0.0182,0.0023,0.0688,0.071
3.273739,0.0136,0.0070,0.0569,0.059
3.281683,0.0064,-0.0002,0.0593,0.060
3.290251,0.0016,-0.0073,0.0497,0.050
3.299859,-0.0009,0.0022,0.0521,0.052
3.304854,-0.0008,-0.0218,0.0664,0.070
3.312873,0.0112,-0.0122,0.0640,0.066
3.321045,0.0088,-0.0099,0.0473,0.049
3.328704,0.0231,-0.0171,0.0497,0.057
3.337787,0.0181,-0.0146,0.0617,0.066
3.345826,0.0135,-0.0218,0.0329,0.042
3.352309,0.0135,-0.0050,0.0497,0.052
3.361258,0.0186,-0.0122,0.0497,0.054
3.368594,0.0090,-0.0217,0.0640,0.068
3.376639,0.0063,-0.0121,0.0640,0.065
3.385347,0.0084,-0.0264,0.0617,0.068
3.393037,0.0228,0.0071,0.0593,0.064
3.400911,0.0157,-0.0072,0.0353,0.039
3.408803,0.0206,-0.0191,0.0640,0.070
3.417162,0.0206,-0.0095,0.0664,0.070
3.424729,0.0061,-0.0191,0.0569,0.060
3.433483,0.0157,-0.0215,0.0640,0.069
3.440294,-0.0034,-0.0095,0.0640,0.065
3.448490,-0.0032,0.0002,0.0449,0.045
3.456490,0.0201,-0.0094,0.0760,0.079
3.465348,0.0249,-0.0188,0.0640,0.071
3.473948,0.0033,-0.0116,0.0521,0.053
3.482442,0.0130,-0.0067,0.0664,0.068
3.491606,0.0249,-0.0068,0.0545,0.060
3.498610,0.0105,0.0029,0.0593,0.060
3.504564,0.0204,-0.0210,0.0616,0.068
3.512389,0.0012,-0.0067,0.0545,0.055
3.520326,0.0180,0.0030,0.0257,0.032
3.528568,0.0060,-0.0114,0.0401,0.042
3.536311,0.0057,-0.0185,0.0569,0.060
3.544278,0.0080,-0.0041,0.0569,0.058
3.552470,0.0152,-0.0064,0.0521,0.055
3.560335,0.0103,-0.0159,0.0425,0.047
3.568193,0.0032,-0.0040,0.0353,0.036
3.576381,0.0006,-0.0111,0.0449,0.046
3.584482,0.0174,-0.0063,0.0545,0.058
3.592222,-0.0043,-0.0254,0.0688,0.073
3.600472,0.0051,-0.0086,0.0593,0.060
3.608691,0.0077,-0.0206,0.0425,0.048
3.616563,0.0078,0.0033,0.0497,0.050
3.624490,0.0102,-0.0014,0.0545,0.055
3.632372,0.0079,0.0035,0.0545,0.055
3.640912,0.0127,-0.0156,0.0569,0.060
3.648667,0.0008,-0.0012,0.0497,0.050
3.657892,0.0127,-0.0060,0.0616,0.063
3.666119,0.0223,-0.0157,0.0473,0.055
3.674537,0.0151,-0.0108,0.0545,0.058
3.682948,0.0175,-0.0060,0.0521,0.055
3.690983,0.0222,-0.0132,0.0712,0.076
3.699762,0.0149,-0.0083,0.0425,0.046
3.710449,0.0150,-0.0084,0.0497,0.053
3.715460,0.0272,-0.0179,0.0569,0.066
3.720811,0.0081,-0.0179,0.0808,0.083
3.728840,0.0105,-0.0156,0.0569,0.060
3.736703,0.0127,-0.0131,0.0688,0.071
3.745694,0.0127,0.0061,0.0545,0.056
3.752934,0.0148,-0.0034,0.0664,0.068
3.761497,0.0219,-0.0226,0.0473,0.057
3.769381,0.0123,-0.0249,0.0473,0.055
3.776781,0.0102,0.0015,0.0521,0.053
3.784649,0.0103,0.0086,0.0592,0.061
3.792953,0.0102,-0.0129,0.0473,0.050
3.801306,0.0005,-0.0200,0.0353,0.041
3.810803,0.0102,-0.0175,0.0736,0.076
3.817898,0.0127,-0.0126,0.0449,0.048
3.824754,-0.0041,-0.0174,0.0449,0.048
3.833197,-0.0042,-0.0103,0.0592,0.060
3.842488,-0.0067,-0.0078,0.0377,0.039
3.849245,0.0006,0.0018,0.0425,0.043
3.858071,0.0077,-0.0173,0.0521,0.055
3.866389,-0.0019,-0.0054,0.0521,0.052
3.874649,0.0100,0.0018,0.0616,0.062
3.882683,0.0004,-0.0124,0.0473,0.049
3.891645,0.0196,-0.0171,0.0521,0.058
3.899775,0.0053,-0.0146,0.0449,0.048
3.907631,0.0197,-0.0146,0.0497,0.055
3.919447,0.0079,-0.0050,0.0521,0.053
3.921617,0.0007,-0.0121,0.0209,0.024
3.929117,-0.0064,-0.0003,0.0425,0.043
3.937428,0.0200,-0.0242,0.0712,0.078
3.945828,0.0152,-0.0026,0.0425,0.045
3.953567,0.0129,-0.0122,0.0688,0.071
3.962026,-0.0038,0.0021,0.0544,0.055
3.969545,-0.0062,-0.0075,0.0521,0.053
3.976899,0.0034,0.0045,0.0449,0.045
3.984851,0.0009,-0.0051,0.0592,0.059
3.993100,0.0082,-0.0147,0.0425,0.046
4.001478,0.0010,-0.0196,0.0712,0.074
4.010987,-0.0013,-0.0052,0.0425,0.043
4.016867,0.0035,-0.0004,0.0377,0.038
4.024596,0.0227,-0.0172,0.0353,0.045
4.032820,-0.0037,0.0045,0.0497,0.050
4.041466,0.0057,-0.0122,0.0329,0.036
4.049504,0.0153,-0.0121,0.0401,0.045
4.058368,0.0200,-0.0099,0.0544,0.059
4.067012,0.0272,0.0022,0.0616,0.067
4.074337,0.0202,0.0046,0.0568,0.060
4.083348,0.0154,-0.0025,0.0568,0.059
4.091546,0.0249,-0.0002,0.0425,0.049
4.100230,0.0106,-0.0122,0.0640,0.066
4.108581,-0.0037,-0.0025,0.0401,0.040
4.113112,0.0036,0.0094,0.0640,0.065
4.123802,0.0035,-0.0240,0.0664,0.071
4.129354,0.0227,-0.0121,0.0473,0.054
4.142393,0.0250,0.0023,0.0449,0.051
4.147522,0.0081,-0.0263,0.0377,0.047
4.152890,0.0081,-0.0193,0.0544,0.058
4.160569,0.0104,-0.0002,0.0497,0.051
4.169290,0.0128,-0.0096,0.0592,0.061
4.176450,0.0103,0.0096,0.0616,0.063
4.184837,0.0127,-0.0145,0.0664,0.069
4.192746,0.0149,-0.0096,0.0664,0.069
4.201051,0.0221,0.0096,0.0497,0.055
4.208717,0.0244,0.0001,0.0377,0.045
4.217294,0.0002,-0.0095,0.0449,0.046
4.224307,0.0170,0.0025,0.0497,0.053
4.232441,-0.0044,-0.0119,0.0592,0.061
4.240871,0.0028,-0.0048,0.0353,0.036
4.248403,-0.0067,-0.0048,0.0616,0.062
4.256920,0.0150,-0.0071,0.0568,0.059
4.266193,0.0077,-0.0142,0.0592,0.061
4.273830,0.0056,0.0025,0.0449,0.045
4.283092,0.0127,-0.0191,0.0497,0.055
4.291248,0.0128,0.0048,0.0568,0.058
4.299567,0.0033,-0.0095,0.0497,0.051
4.307675,0.0034,-0.0166,0.0688,0.071
4.319055,-0.0061,-0.0213,0.0473,0.052
4.321214,0.0083,-0.0166,0.0736,0.076
4.329129,0.0203,0.0049,0.0592,0.063
4.337832,0.0036,-0.0286,0.0568,0.064
4.345479,0.0085,-0.0285,0.0496,0.058
4.353247,0.0157,-0.0141,0.0760,0.079
4.361739,0.0157,-0.0166,0.0664,0.070
4.369682,0.0086,-0.0023,0.0449,0.046
4.377013,0.0230,0.0072,0.0520,0.057
4.385250,0.0111,-0.0022,0.0592,0.060
4.392505,0.0231,-0.0021,0.0377,0.044
4.400441,0.0064,-0.0189,0.0640,0.067
4.410171,0.0135,-0.0070,0.0592,0.061
4.418118,0.0136,-0.0070,0.0496,0.052
4.424698,-0.0055,-0.0093,0.0616,0.063
4.432859,0.0137,-0.0188,0.0448,0.051
4.440870,0.0018,-0.0117,0.0520,0.053
4.450744,0.0018,-0.0021,0.0496,0.050
4.457722,-0.0077,-0.0070,0.0712,0.072
4.465144,0.0089,-0.0070,0.0592,0.060
4.472854,0.0137,-0.0165,0.0664,0.070
4.480431,0.0090,-0.0069,0.0520,0.053
4.488877,-0.0006,-0.0022,0.0472,0.047
4.498835,0.0067,-0.0141,0.0305,0.034
4.506157,0.0043,-0.0118,0.0664,0.068
4.512408,-0.0005,-0.0022,0.0616,0.062
4.520395,0.0045,-0.0069,0.0472,0.048
4.528322,0.0261,-0.0069,0.0496,0.057
4.536366,0.0166,-0.0093,0.0640,0.067
4.544525,0.0048,0.0027,0.0592,0.059
4.552177,0.0049,0.0051,0.0424,0.043
4.560490,0.0025,-0.0045,0.0664,0.067
4.568210,0.0074,-0.0045,0.0544,0.055
4.576269,0.0001,-0.0069,0.0712,0.072
4.584138,0.0192,-0.0164,0.0544,0.060
4.592253,0.0144,0.0004,0.0736,0.075
4.600300,0.0026,-0.0140,0.0448,0.047
4.608487,0.0099,-0.0020,0.0712,0.072
4.616431,0.0244,-0.0092,0.0496,0.056
4.624275,0.0053,-0.0189,0.0544,0.058
4.632598,-0.0019,0.0027,0.0712,0.071
4.640266,0.0221,-0.0260,0.0831,0.090
4.648548,-0.0065,-0.0022,0.0520,0.052
4.656712,0.0007,0.0050,0.0568,0.057
4.664423,0.0246,-0.0093,0.0736,0.078
4.672449,0.0078,0.0051,0.0568,0.058
4.680658,0.0246,-0.0116,0.0760,0.081
4.688680,0.0128,-0.0188,0.0544,0.059
4.698206,-0.0015,-0.0068,0.0783,0.079
4.706189,0.0343,-0.0043,0.0616,0.071
4.714921,0.0199,0.0077,0.0688,0.072
4.726573,0.0152,-0.0163,0.0688,0.072
4.729645,0.0247,-0.0091,0.0664,0.071
4.737581,0.0176,-0.0115,0.0736,0.077
4.745953,-0.0064,0.0028,0.0640,0.064
4.752592,-0.0016,0.0075,0.0592,0.060
4.761107,0.0154,-0.0117,0.0616,0.065
4.769335,-0.0036,-0.0068,0.0688,0.069
4.777569,0.0155,-0.0069,0.0448,0.048
4.785442,0.0014,0.0001,0.0688,0.069
4.793129,0.0110,0.0003,0.0712,0.072
4.800417,0.0087,-0.0093,0.0688,0.070
4.818756,0.0134,-0.0165,0.0664,0.070
4.820026,0.0111,-0.0046,0.0712,0.072
4.825660,0.0231,0.0075,0.0520,0.057
4.832305,0.0064,-0.0117,0.0664,0.068
4.840513,-0.0056,0.0099,0.0544,0.056
4.848306,0.0257,0.0028,0.0448,0.052
4.856589,0.0067,-0.0141,0.0568,0.059
4.864800,0.0211,-0.0141,0.0711,0.076
4.872676,0.0115,-0.0045,0.0640,0.065
4.881610,0.0067,-0.0069,0.0400,0.041
4.888582,-0.0028,-0.0237,0.0807,0.084
4.896943,0.0187,-0.0237,0.0759,0.082
4.905802,0.0041,0.0027,0.0592,0.059
4.913807,0.0043,0.0052,0.0640,0.064
4.923161,0.0042,-0.0186,0.0688,0.071
4.928822,0.0019,-0.0114,0.0568,0.058
4.936755,0.0116,-0.0067,0.0783,0.079
4.944756,0.0167,-0.0090,0.0496,0.053
4.952479,0.0142,0.0006,0.0616,0.063
4.960442,0.0023,-0.0042,0.0783,0.078
4.968527,0.0047,0.0030,0.0616,0.062
4.976928,0.0144,-0.0258,0.0592,0.066
4.984900,0.0024,-0.0018,0.0592,0.059
4.993700,0.0025,-0.0067,0.0520,0.052
5.001495,0.0003,-0.0018,0.0640,0.064
5.009448,0.0195,0.0029,0.0424,0.047
5.018762,0.0004,-0.0115,0.0759,0.077
5.024871,0.0195,-0.0210,0.0520,0.059
5.033211,0.0003,-0.0089,0.0568,0.057
5.041324,0.0052,-0.0041,0.0496,0.050
5.049019,0.0004,-0.0065,0.0544,0.055
5.058045,0.0243,-0.0257,0.0663,0.075
5.066132,0.0123,-0.0089,0.0687,0.070
5.075747,0.0028,0.0006,0.0520,0.052
5.083129,0.0173,-0.0090,0.0496,0.053
5.091042,0.0126,-0.0137,0.0616,0.064
5.098202,0.0223,-0.0137,0.0544,0.060
5.108372,0.0104,-0.0112,0.0592,0.061
5.113480,0.0322,0.0008,0.0735,0.080
5.125294,0.0155,-0.0040,0.0783,0.080
5.132311,0.0083,-0.0040,0.0544,0.055
5.136315,0.0108,-0.0016,0.0711,0.072
5.147103,0.0084,-0.0016,0.0711,0.072
5.154614,0.0013,-0.0089,0.0711,0.072
5.160302,0.0087,-0.0113,0.0544,0.056
5.168406,0.0087,-0.0113,0.0591,0.061
5.176183,0.0136,-0.0015,0.0567,0.058
5.184290,0.0113,-0.0015,0.0472,0.049
5.192358,0.0257,-0.0182,0.0591,0.067
5.200212,0.0136,-0.0014,0.0615,0.063
5.208380,0.0112,-0.0205,0.0759,0.079
5.216434,0.0114,0.0083,0.0639,0.065
5.224556,0.0041,-0.0228,0.0807,0.084
5.232422,0.0139,0.0037,0.0783,0.080
5.240420,0.0069,0.0109,0.0591,0.061
5.248275,0.0045,-0.0060,0.0591,0.060
5.256378,0.0142,0.0059,0.0735,0.075
5.264254,0.0310,0.0011,0.0735,0.080
5.272699,0.0191,-0.0061,0.0543,0.058
5.280490,0.0120,-0.0037,0.0519,0.053
5.288519,0.0026,0.0010,0.0783,0.078
5.296882,0.0074,-0.0134,0.0591,0.061
5.305334,0.0240,0.0034,0.0496,0.055
5.313370,0.0193,-0.0038,0.0519,0.056
5.323085,0.0167,-0.0182,0.0663,0.071
5.330131,0.0071,-0.0207,0.0472,0.052
5.336383,0.0407,-0.0207,0.0687,0.082
5.344223,0.0118,-0.0039,0.0711,0.072
5.352501,0.0189,0.0009,0.0591,0.062
5.360341,0.0165,-0.0086,0.0735,0.076
5.368223,0.0141,0.0056,0.0591,0.061
5.377098,0.0092,-0.0040,0.0591,0.060
5.386655,0.0163,-0.0160,0.0735,0.077
5.392117,0.0163,-0.0016,0.0567,0.059
5.400420,0.0115,-0.0088,0.0567,0.059
5.408198,0.0186,-0.0112,0.0567,0.061
5.416452,0.0136,-0.0159,0.0711,0.074
5.424579,0.0136,-0.0088,0.0567,0.059
5.432709,0.0184,-0.0137,0.0687,0.072
5.440639,-0.0031,0.0006,0.0591,0.059
5.448882,0.0279,-0.0066,0.0735,0.079
5.457431,0.0135,-0.0067,0.0591,0.061
5.464703,0.0015,-0.0068,0.0615,0.062
5.472468,0.0134,0.0005,0.0520,0.054
5.481621,0.0086,0.0029,0.0568,0.057
5.489885,0.0086,-0.0019,0.0472,0.048
5.498743,0.0039,-0.0212,0.0615,0.065
5.506033,0.0207,-0.0211,0.0663,0.073
5.515000,0.0254,-0.0090,0.0544,0.061
5.527396,0.0134,0.0029,0.0879,0.089
5.529207,0.0109,-0.0113,0.0400,0.043
5.536824,0.0133,-0.0184,0.0520,0.057
5.545380,0.0107,-0.0089,0.0639,0.065
5.553175,0.0203,-0.0161,0.0544,0.060
5.561886,0.0178,-0.0185,0.0663,0.071
5.569262,0.0058,-0.0208,0.0520,0.056
5.577090,0.0249,0.0033,0.0711,0.075
5.585599,0.0202,-0.0015,0.0615,0.065
5.592298,0.0103,-0.0038,0.0759,0.077
5.600728,0.0174,0.0036,0.0663,0.069
5.609730,0.0055,0.0131,0.0759,0.077
5.617244,0.0102,-0.0132,0.0592,0.061
5.624708,0.0176,-0.0012,0.0568,0.059
5.632732,0.0151,-0.0060,0.0807,0.082
5.641358,0.0224,0.0036,0.0639,0.068
5.648702,0.0128,-0.0059,0.0472,0.049
5.656743,0.0152,0.0013,0.0496,0.052
5.664920,0.0055,-0.0178,0.0544,0.057
5.673335,0.0055,-0.0081,0.0544,0.055
5.682410,0.0126,-0.0009,0.0615,0.063
5.690437,0.0007,-0.0177,0.0568,0.059
5.697842,0.0151,-0.0081,0.0783,0.080
5.706019,0.0271,-0.0104,0.0783,0.084
5.714194,0.0174,0.0016,0.0903,0.092
5.726893,0.0102,-0.0176,0.0735,0.076
5.731490,0.0124,-0.0080,0.0711,0.073
5.740921,-0.0044,-0.0273,0.0592,0.065
5.744422,0.0100,0.0014,0.0592,0.060
5.752520,0.0123,0.0015,0.0615,0.063
5.761331,-0.0093,0.0015,0.0831,0.084
5.768548,0.0266,-0.0129,0.0807,0.086
5.776566,0.0220,-0.0009,0.0592,0.063
5.784574,0.0219,-0.0057,0.0639,0.068
5.792823,0.0004,-0.0129,0.0711,0.072
5.801090,0.0076,-0.0177,0.0592,0.062
5.808588,0.0195,0.0015,0.0807,0.083
5.818093,0.0003,-0.0153,0.0472,0.050
5.826103,0.0243,-0.0009,0.0711,0.075
5.832905,0.0122,0.0063,0.0783,0.080
5.841264,0.0195,-0.0272,0.0544,0.064
5.849084,0.0027,-0.0178,0.0400,0.044
5.857630,0.0171,0.0037,0.0735,0.076
5.864722,0.0100,-0.0083,0.0711,0.072
5.873586,0.0125,-0.0034,0.0592,0.061
5.881441,-0.0044,-0.0106,0.0735,0.074
5.888844,-0.0020,-0.0177,0.0448,0.048
5.898066,0.0123,-0.0010,0.0520,0.053
5.906919,0.0099,-0.0106,0.0639,0.066
5.914549,0.0219,-0.0178,0.0472,0.055
5.926431,0.0147,-0.0010,0.0615,0.063
5.931852,0.0218,-0.0106,0.0639,0.068
5.938958,0.0242,-0.0179,0.0711,0.077
5.947623,0.0194,-0.0010,0.0855,0.088
5.955815,0.0146,-0.0010,0.0592,0.061
5.961550,0.0146,-0.0153,0.0711,0.074
5.969763,0.0170,-0.0057,0.0615,0.064
5.978088,0.0002,-0.0034,0.0639,0.064
5.986218,0.0002,-0.0225,0.0496,0.054
5.993545,0.0217,-0.0011,0.0639,0.068
6.002010,0.0145,-0.0202,0.0687,0.073
6.009394,0.0121,-0.0082,0.0544,0.056
6.017819,0.0049,-0.0081,0.0496,0.050
6.025389,0.0215,-0.0081,0.0735,0.077
6.032812,0.0288,-0.0128,0.0496,0.059
6.041257,0.0191,0.0089,0.0759,0.079
6.049173,0.0096,0.0041,0.0639,0.065
6.056654,0.0000,-0.0295,0.0544,0.062
6.065288,0.0143,0.0017,0.0592,0.061
6.073614,-0.0000,0.0016,0.0520,0.052
6.081499,0.0096,-0.0032,0.0520,0.053
6.089974,0.0096,-0.0151,0.0496,0.053
6.097395,0.0264,-0.0127,0.0711,0.077
6.106609,0.0071,-0.0103,0.0735,0.075
6.115214,0.0240,0.0042,0.0687,0.073
6.126734,0.0144,-0.0150,0.0544,0.058
6.129149,0.0145,-0.0246,0.0520,0.059
6.136954,0.0024,-0.0053,0.0328,0.033
6.148229,0.0001,0.0187,0.0544,0.057
6.160266,0.0024,-0.0220,0.0663,0.070
6.162673,0.0167,-0.0124,0.0496,0.054
6.168286,0.0190,0.0019,0.0639,0.067
6.176391,0.0237,-0.0171,0.0615,0.068
6.184272,0.0070,-0.0098,0.0568,0.058
6.192338,0.0069,-0.0169,0.0615,0.064
6.200480,0.0140,0.0023,0.0400,0.042
6.208434,0.0164,-0.0072,0.0496,0.053
6.216502,0.0235,0.0119,0.0663,0.071
6.224932,0.0211,-0.0048,0.0735,0.077
6.234524,0.0139,0.0096,0.0472,0.050
6.240303,-0.0077,-0.0049,0.0568,0.057
6.248282,0.0162,0.0023,0.0592,0.061
6.256543,0.0186,0.0047,0.0520,0.055
6.264491,-0.0030,0.0119,0.0472,0.049
6.272644,0.0089,-0.0000,0.0544,0.055
6.280555,0.0184,0.0047,0.0783,0.081
6.288316,0.0183,-0.0072,0.0472,0.051
6.296381,0.0136,0.0047,0.0616,0.063
6.304557,0.0015,-0.0001,0.0592,0.059
6.312706,0.0229,0.0071,0.0592,0.064
6.321284,0.0109,-0.0168,0.0472,0.051
6.333068,0.0276,-0.0072,0.0424,0.051
6.339195,0.0181,-0.0073,0.0616,0.065
6.346118,0.0300,-0.0169,0.0592,0.068
6.352453,0.0035,-0.0121,0.0520,0.053
6.361920,-0.0013,-0.0097,0.0592,0.060
6.368894,-0.0014,-0.0002,0.0520,0.052
6.377685,-0.0013,-0.0098,0.0496,0.051
6.384943,0.0130,-0.0074,0.0400,0.043
6.392883,0.0131,-0.0074,0.0592,0.061
6.402230,0.0154,-0.0051,0.0496,0.052
6.408965,0.0203,-0.0171,0.0424,0.050
6.417321,0.0178,0.0141,0.0568,0.061
6.425285,0.0059,0.0020,0.0616,0.062
6.433091,0.0036,-0.0052,0.0496,0.050
6.441314,0.0083,-0.0076,0.0544,0.056
6.449271,0.0129,-0.0052,0.0640,0.065
6.457029,0.0081,-0.0146,0.0568,0.059
6.465076,0.0132,-0.0074,0.0616,0.063
6.472902,0.0132,-0.0123,0.0568,0.060
6.481054,0.0131,0.0022,0.0592,0.061
6.489337,0.0013,0.0070,0.0640,0.064
6.497653,0.0156,0.0022,0.0735,0.075
6.506420,0.0157,-0.0146,0.0592,0.063
6.514669,0.0180,-0.0001,0.0663,0.069
6.522361,0.0211,-0.0074,0.0735,0.077
6.533342,0.0067,-0.0099,0.0520,0.053
6.538244,0.0138,-0.0074,0.0448,0.047
6.546388,0.0234,0.0094,0.0448,0.051
6.554882,0.0137,-0.0097,0.0663,0.068
6.563033,0.0207,-0.0049,0.0520,0.056
6.571548,0.0063,-0.0240,0.0544,0.060
6.580394,0.0109,-0.0097,0.0520,0.054
6.584864,0.0181,-0.0097,0.0592,0.063
6.592949,0.0086,-0.0073,0.0687,0.070
6.601043,0.0084,-0.0121,0.0807,0.082
6.608954,0.0228,-0.0074,0.0568,0.062
6.617558,0.0131,0.0117,0.0687,0.071
6.625289,0.0226,-0.0003,0.0664,0.070
6.633510,0.0153,0.0046,0.0616,0.064
6.641196,0.0317,0.0072,0.0472,0.057
6.648931,0.0244,-0.0025,0.0352,0.043
6.657033,0.0149,-0.0049,0.0616,0.064
6.664842,0.0006,-0.0168,0.0544,0.057
6.672934,0.0149,-0.0025,0.0520,0.054
6.680958,0.0169,0.0023,0.0400,0.044
6.689021,0.0074,-0.0049,0.0424,0.043
6.698111,0.0170,-0.0192,0.0424,0.050
6.706448,0.0002,-0.0026,0.0472,0.047
6.714465,-0.0023,-0.0121,0.0568,0.058
6.722896,0.0023,-0.0025,0.0688,0.069
6.733524,0.0048,-0.0050,0.0520,0.052
6.739291,0.0192,-0.0147,0.0592,0.064
6.747159,0.0025,0.0141,0.0448,0.047
6.755331,0.0241,-0.0027,0.0496,0.055
6.763670,0.0050,-0.0028,0.0352,0.036
6.771717,0.0074,-0.0123,0.0472,0.049
6.780420,0.0098,-0.0170,0.0640,0.067
6.785535,0.0025,-0.0051,0.0352,0.036
6.793233,0.0194,0.0070,0.0640,0.067
6.801863,0.0053,0.0141,0.0472,0.050
6.809500,0.0030,-0.0076,0.0328,0.034
6.818340,0.0172,-0.0076,0.0616,0.064
6.824931,0.0054,-0.0005,0.0640,0.064
6.833330,0.0055,0.0043,0.0664,0.067
6.840962,0.0126,0.0044,0.0544,0.056
6.849111,0.0293,-0.0101,0.0592,0.067
6.856267,0.0103,-0.0149,0.0568,0.060
6.864538,0.0223,-0.0077,0.0520,0.057
6.872858,0.0174,-0.0052,0.0664,0.069
6.890145,0.0077,-0.0075,0.0544,0.055
6.890966,0.0219,-0.0170,0.0400,0.049
6.896962,0.0052,-0.0074,0.0328,0.034
6.904715,0.0098,0.0021,0.0400,0.041
6.912758,0.0121,0.0046,0.0544,0.056
6.925039,0.0120,0.0094,0.0592,0.061
6.930677,0.0190,-0.0073,0.0376,0.043
6.939238,0.0191,-0.0074,0.0376,0.043
6.947374,-0.0025,0.0022,0.0520,0.052
6.955795,0.0286,-0.0121,0.0640,0.071
6.961241,0.0238,-0.0144,0.0448,0.053
6.969395,0.0215,-0.0097,0.0305,0.038
6.977377,0.0166,-0.0096,0.0424,0.047
6.985142,0.0021,-0.0048,0.0592,0.059
6.993358,0.0164,0.0048,0.0520,0.055
7.001279,0.0164,-0.0001,0.0640,0.066
7.009640,0.0044,-0.0168,0.0400,0.044
7.017263,0.0020,-0.0144,0.0664,0.068
7.025060,0.0067,0.0000,0.0520,0.052
7.033146,0.0042,-0.0215,0.0568,0.061
7.041157,0.0043,-0.0071,0.0352,0.036
7.049140,0.0162,-0.0095,0.0424,0.046
7.056831,0.0019,-0.0047,0.0305,0.031
7.065225,-0.0004,-0.0047,0.0448,0.045
7.072963,0.0068,0.0002,0.0448,0.045
7.081053,0.0236,-0.0047,0.0424,0.049
7.089518,0.0091,-0.0047,0.0544,0.055
7.098175,0.0139,-0.0095,0.0664,0.068
7.105260,0.0139,0.0000,0.0544,0.056
7.113675,0.0091,0.0097,0.0472,0.049
7.122456,0.0187,-0.0070,0.0568,0.060
7.133372,0.0043,0.0073,0.0520,0.053
7.139362,0.0139,-0.0023,0.0688,0.070
7.147142,-0.0004,0.0096,0.0568,0.058
7.155600,0.0189,-0.0120,0.0568,0.061
7.163765,0.0141,-0.0048,0.0496,0.052
7.172047,0.0164,-0.0168,0.0400,0.046
7.177075,0.0163,-0.0119,0.0376,0.043
7.184324,0.0165,0.0025,0.0496,0.052
7.192326,-0.0003,0.0001,0.0520,0.052
7.200439,-0.0025,-0.0024,0.0544,0.055
7.208864,0.0119,-0.0261,0.0496,0.057
7.216333,0.0119,-0.0094,0.0592,0.061
7.224354,0.0047,-0.0094,0.0400,0.041
7.233837,0.0168,-0.0093,0.0616,0.064
7.240347,0.0239,0.0052,0.0520,0.057
7.248123,0.0215,0.0052,0.0424,0.048
7.256384,0.0094,-0.0020,0.0544,0.055
7.264257,-0.0002,-0.0092,0.0472,0.048
7.272869,-0.0026,0.0003,0.0424,0.043
7.281658,-0.0099,-0.0044,0.0472,0.048
7.289112,0.0022,-0.0189,0.0424,0.046
7.296889,0.0070,-0.0070,0.0496,0.051
7.305077,0.0047,-0.0045,0.0568,0.057
7.312879,-0.0072,0.0026,0.0520,0.053
7.322142,0.0049,0.0027,0.0592,0.059
7.333280,0.0121,0.0123,0.0400,0.044
7.339126,0.0073,0.0004,0.0807,0.081
7.347235,-0.0023,0.0003,0.0616,0.062
7.355117,0.0218,-0.0117,0.0472,0.053
7.363589,0.0218,-0.0092,0.0424,0.049
7.372237,0.0003,-0.0069,0.0711,0.071
7.379771,0.0050,-0.0021,0.0185,0.019
7.391761,0.0122,-0.0092,0.0759,0.077
7.392692,0.0146,-0.0022,0.0376,0.040
7.401833,0.0050,-0.0116,0.0472,0.049
7.409408,0.0098,0.0075,0.0520,0.053
7.418074,0.0098,-0.0021,0.0496,0.051
7.425519,0.0147,0.0027,0.0544,0.056
7.432745,0.0148,0.0051,0.0544,0.057
7.440693,0.0004,-0.0140,0.0520,0.054
7.448623,-0.0091,-0.0045,0.0304,0.032
7.457025,-0.0020,-0.0140,0.0328,0.036
7.465159,0.0172,-0.0093,0.0400,0.045
7.473319,0.0100,-0.0046,0.0568,0.058
7.481026,-0.0020,-0.0071,0.0520,0.053
7.488898,0.0052,-0.0046,0.0711,0.071
7.497642,0.0219,-0.0096,0.0376,0.045
7.506619,0.0004,-0.0216,0.0592,0.063
7.513365,0.0075,0.0024,0.0424,0.043
7.522103,0.0099,-0.0024,0.0472,0.048
7.531622,0.0051,0.0024,0.0544,0.055
7.538735,0.0076,0.0023,0.0640,0.064
7.546685,0.0076,0.0119,0.0759,0.077
7.554227,0.0077,-0.0026,0.0496,0.050
7.562691,0.0173,-0.0073,0.0544,0.058
7.571174,-0.0044,0.0023,0.0616,0.062
7.579904,0.0148,-0.0049,0.0424,0.045
7.588283,-0.0044,-0.0026,0.0640,0.064
7.596254,0.0052,-0.0195,0.0664,0.069
7.601327,0.0195,-0.0195,0.0400,0.049
7.609886,0.0004,0.0115,0.0616,0.063
7.618291,0.0099,-0.0245,0.0831,0.087
7.626068,0.0050,-0.0316,0.0472,0.057
7.633696,0.0027,-0.0006,0.0352,0.035
7.641176,-0.0021,-0.0149,0.0520,0.054
7.648811,0.0244,-0.0053,0.0568,0.062
7.657269,-0.0044,-0.0150,0.0496,0.052
7.665297,0.0219,-0.0006,0.0664,0.070
7.673073,0.0148,-0.0128,0.0448,0.049
7.681045,0.0171,-0.0104,0.0520,0.056
7.688856,0.0123,0.0064,0.0472,0.049
7.696966,0.0051,0.0016,0.0496,0.050
7.704894,0.0074,-0.0008,0.0424,0.043
7.712835,0.0146,-0.0128,0.0592,0.062
7.721472,0.0098,0.0016,0.0640,0.065
7.728604,0.0049,-0.0176,0.0544,0.057
7.741990,0.0243,0.0015,0.0448,0.051
7.750468,0.0099,-0.0128,0.0640,0.066
7.755629,0.0173,-0.0249,0.0520,0.060
7.762655,0.0244,-0.0153,0.0568,0.064
7.769993,0.0197,-0.0177,0.0544,0.060
7.779323,0.0077,-0.0081,0.0664,0.067
7.788036,0.0172,0.0062,0.0400,0.044
7.795276,0.0171,0.0038,0.0448,0.048
7.802180,0.0051,-0.0226,0.0544,0.059
7.808511,0.0169,-0.0154,0.0376,0.044
7.817121,-0.0095,-0.0035,0.0688,0.070
7.826344,0.0121,-0.0036,0.0544,0.056
7.833360,0.0072,-0.0252,0.0640,0.069
7.841622,0.0166,-0.0084,0.0784,0.081
7.848827,0.0046,-0.0156,0.0544,0.057
7.857150,-0.0001,-0.0060,0.0712,0.071
7.864847,0.0023,0.0012,0.0472,0.047
7.873095,0.0024,-0.0109,0.0616,0.063
7.881051,0.0072,0.0129,0.0784,0.080
7.889102,0.0263,-0.0109,0.0496,0.057
7.897610,-0.0000,-0.0060,0.0568,0.057
7.905200,0.0001,-0.0061,0.0712,0.071
7.912870,0.0240,-0.0109,0.0568,0.063
7.921297,0.0121,-0.0108,0.0592,0.061
7.929327,0.0169,-0.0085,0.0568,0.060
7.941449,0.0121,-0.0133,0.0640,0.066
7.947926,0.0168,-0.0086,0.0568,0.060
7.953677,0.0288,-0.0159,0.0544,0.064
7.962683,0.0048,-0.0040,0.0616,0.062
7.971146,0.0119,-0.0090,0.0544,0.056
7.979919,0.0188,0.0028,0.0568,0.060
7.988098,0.0210,-0.0143,0.0257,0.036
7.995967,0.0184,-0.0005,-0.0030,0.019
8.004875,0.0180,-0.0013,0.1406,0.142
8.009447,-0.0133,-0.0113,0.1191,0.120
8.016846,0.0249,0.0054,0.0712,0.076
8.025765,-0.0014,-0.0086,0.0497,0.050
8.032890,0.0129,-0.0011,0.0640,0.065
8.041546,0.0011,-0.0152,0.0257,0.030
8.049161,0.0058,-0.0248,0.0545,0.060
8.057378,-0.0013,-0.0057,0.0521,0.052
8.065054,-0.0132,-0.0176,0.0521,0.057
8.072737,-0.0228,-0.0127,-0.0078,0.027
8.081126,-0.0158,-0.0058,0.2939,0.294
8.088913,0.0350,0.0304,-0.1491,0.156
8.096867,-0.0008,-0.0178,0.1095,0.111
8.108267,0.0016,-0.0178,0.1646,0.166
8.113731,0.0164,0.0036,-0.0964,0.098
8.120763,0.0282,-0.0138,0.1311,0.135
8.129902,0.0162,-0.0253,0.0712,0.077
8.137188,0.0039,0.0102,-0.0126,0.017
8.145338,0.0113,-0.0258,0.1023,0.106
8.153308,0.0087,-0.0258,0.1263,0.129
8.162716,0.0305,-0.0065,-0.0437,0.054
8.171565,0.0161,-0.0185,0.1478,0.150
8.181818,0.0186,-0.0040,0.0473,0.051
8.185128,0.0066,-0.0137,0.0185,0.024
8.193108,0.0231,-0.0042,0.0952,0.098
8.200517,-0.0103,-0.0138,0.0401,0.044
8.208933,0.0064,0.0053,0.0353,0.036
8.216595,0.0087,-0.0018,0.0832,0.084
8.224395,0.0062,0.0028,0.0257,0.027
8.232528,0.0134,-0.0021,0.0545,0.056
8.240346,0.0109,-0.0212,0.0880,0.091
8.248285,0.0084,0.0050,0.0305,0.032
8.257366,0.0107,-0.0191,0.0760,0.079
8.265810,0.0129,-0.0215,0.0593,0.064
8.273004,0.0152,-0.0216,0.0688,0.074
8.281284,0.0057,-0.0002,0.0736,0.074
8.289217,0.0080,-0.0122,0.0856,0.087
8.297674,0.0128,-0.0123,0.0449,0.048
8.305508,0.0153,-0.0125,0.0808,0.083
8.312882,0.0056,-0.0171,0.0784,0.080
8.321069,0.0151,-0.0100,0.0665,0.069
8.332336,0.0127,-0.0125,0.0856,0.087
8.338167,0.0199,-0.0148,0.0688,0.073
8.346160,-0.0064,-0.0149,0.0641,0.066
8.354421,0.0176,-0.0053,0.1119,0.113
8.363631,0.0081,-0.0028,0.0257,0.027
8.369909,0.0055,0.0041,0.1072,0.107
8.378362,0.0223,-0.0103,0.0401,0.047
8.387209,0.0174,-0.0198,0.0928,0.096
8.394758,0.0007,-0.0080,0.0186,0.020
8.403062,0.0031,-0.0008,0.0952,0.095
8.411882,0.0199,-0.0105,0.0617,0.066
8.417572,0.0055,-0.0105,0.0856,0.086
8.425087,0.0127,-0.0176,0.0832,0.086
8.434163,0.0054,-0.0082,0.0305,0.032
8.440327,0.0100,-0.0011,0.0976,0.098
8.448293,-0.0043,-0.0179,0.0641,0.067
8.457117,0.0075,-0.0058,0.0689,0.070
8.464435,0.0292,-0.0036,0.0401,0.050
8.472341,0.0003,-0.0253,0.0856,0.089
8.480531,0.0076,-0.0037,0.0521,0.053
8.488805,0.0100,0.0057,0.0665,0.067
8.496956,0.0100,0.0082,0.0473,0.049
8.505268,0.0100,-0.0182,0.0641,0.067
8.513110,0.0242,0.0056,0.0904,0.094
8.521142,0.0050,-0.0017,0.0665,0.067
8.531851,-0.0070,-0.0091,0.0737,0.075
8.537508,0.0097,-0.0162,0.0665,0.069
8.545292,0.0025,0.0028,0.0354,0.036
8.553277,0.0145,-0.0021,0.0904,0.092
8.561808,0.0098,-0.0165,0.0761,0.078
8.571142,-0.0070,-0.0142,0.0449,0.048
8.579158,0.0098,-0.0023,0.0880,0.089
8.587465,0.0171,-0.0239,0.0665,0.073
8.595546,0.0075,-0.0216,0.0713,0.075
8.604873,0.0124,-0.0000,0.0928,0.094
8.612041,0.0099,-0.0096,0.0761,0.077
8.620301,0.0124,-0.0192,0.0689,0.073
8.625528,0.0075,-0.0407,0.0856,0.095
8.633663,0.0148,0.0023,0.0641,0.066
8.642542,0.0101,-0.0288,0.0617,0.069
8.648784,0.0221,-0.0143,0.0665,0.072
8.657756,-0.0137,-0.0096,0.0521,0.055
8.664882,0.0125,-0.0024,0.0689,0.070
8.673126,0.0077,-0.0001,0.0569,0.057
8.681101,0.0053,-0.0217,0.0425,0.048
8.689094,-0.0019,0.0023,0.0808,0.081
8.696855,-0.0018,-0.0099,0.0689,0.070
8.705518,0.0315,-0.0003,0.0665,0.074
8.712684,-0.0020,-0.0099,0.0593,0.060
8.721140,0.0099,-0.0099,0.0737,0.075
8.733200,0.0051,-0.0123,0.0641,0.065
8.736882,0.0028,-0.0075,0.0617,0.062
8.744484,0.0123,-0.0171,0.0689,0.072
8.752856,-0.0092,-0.0172,0.0593,0.062
8.762330,0.0075,-0.0172,0.0689,0.071
8.770428,0.0076,-0.0077,0.0880,0.089
8.778626,-0.0020,-0.0125,0.0785,0.079
8.787509,0.0052,-0.0125,0.0617,0.063
8.796006,0.0026,-0.0077,0.0593,0.060
8.803873,0.0002,-0.0030,0.0737,0.074
8.812095,0.0122,0.0017,0.0641,0.065
8.817659,0.0050,-0.0080,0.0473,0.048
8.825343,0.0075,-0.0200,0.0785,0.081
8.833562,0.0147,-0.0009,0.0737,0.075
8.841520,0.0028,0.0015,0.0761,0.076
8.849214,0.0221,-0.0105,0.0545,0.060
8.857624,0.0149,0.0039,0.0641,0.066
8.865167,-0.0065,0.0086,0.0617,0.063
8.872486,0.0032,-0.0106,0.0713,0.072
8.880775,0.0055,-0.0153,0.0737,0.075
8.889427,0.0152,-0.0153,0.0785,0.081
8.896951,0.0103,-0.0081,0.0593,0.061
8.904920,0.0055,-0.0175,0.0569,0.060
8.912876,-0.0018,-0.0200,0.0545,0.058
8.921033,0.0054,-0.0009,0.0761,0.076
8.932008,0.0053,-0.0106,0.0665,0.068
8.937868,0.0127,-0.0010,0.0473,0.049
8.945233,0.0031,-0.0105,0.0761,0.077
8.953510,0.0078,0.0061,0.0521,0.053
8.962377,-0.0327,-0.0059,-0.0413,0.053
8.969837,-0.0304,-0.0467,0.5334,0.536
8.978477,0.0381,-0.0193,-0.3789,0.381
8.986600,-0.0422,-0.0420,0.3131,0.319
8.995175,0.0302,-0.0007,0.0258,0.040
9.003008,-0.0371,-0.0054,0.0497,0.062
9.011665,0.0252,-0.0154,0.0401,0.050
9.019793,-0.0013,-0.0100,0.1455,0.146
9.028326,0.0273,0.0132,-0.1131,0.117
9.033145,-0.0133,-0.0225,0.1646,0.167
9.041322,0.0103,-0.0175,0.0856,0.088
9.048651,-0.0038,-0.0083,-0.0221,0.024
9.056543,0.0128,-0.0157,0.1694,0.171
9.064245,0.0368,-0.0108,0.0497,0.063
9.072199,0.0008,-0.0256,0.0066,0.026
9.080277,0.0320,-0.0136,0.1503,0.154
9.088412,-0.0016,0.0031,0.0473,0.047
9.096524,0.0225,0.0077,0.0306,0.039
9.104819,0.0247,-0.0161,0.1168,0.120
9.113390,0.0127,-0.0112,0.0234,0.029
9.121489,-0.0088,-0.0040,0.0785,0.079
9.129712,0.0150,-0.0230,0.0952,0.099
9.139103,0.0221,-0.0087,0.0473,0.053
9.144830,0.0053,-0.0110,0.0833,0.084
9.152632,0.0148,-0.0061,0.0928,0.094
9.161549,-0.0019,-0.0085,0.0378,0.039
9.168800,0.0101,-0.0252,0.1024,0.106
9.178500,-0.0115,-0.0084,0.0928,0.094
9.186599,0.0197,-0.0203,0.0617,0.068
9.193838,0.0292,-0.0132,0.0952,0.100
9.200544,-0.0043,-0.0060,0.0785,0.079
9.210214,0.0148,-0.0084,0.0569,0.059
9.219418,0.0076,-0.0014,0.0857,0.086
9.224266,0.0100,-0.0180,0.0809,0.083
9.232932,0.0101,-0.0013,0.0665,0.067
9.240506,0.0172,-0.0203,0.0809,0.085
9.248617,0.0099,-0.0059,0.0641,0.065
9.256819,0.0073,-0.0059,0.0689,0.070
9.264690,0.0361,-0.0131,0.0785,0.087
9.273055,0.0072,-0.0107,0.0689,0.070
9.281014,0.0073,0.0084,0.0761,0.077
9.289075,0.0168,-0.0036,0.0665,0.069
9.296856,0.0216,-0.0037,0.0833,0.086
9.305638,0.0096,-0.0110,0.0497,0.052
9.313119,0.0144,-0.0254,0.0737,0.079
9.321128,0.0072,-0.0135,0.0737,0.075
9.329732,0.0095,-0.0015,0.0881,0.089
9.339681,0.0072,-0.0159,0.0833,0.085
9.345651,-0.0023,-0.0183,0.0641,0.067
9.352702,0.0145,-0.0136,0.0928,0.095
9.361959,0.0169,-0.0065,0.0809,0.083
9.369932,0.0025,-0.0306,0.0785,0.084
9.377926,0.0120,-0.0114,0.0713,0.073
9.386731,0.0191,-0.0210,0.0881,0.093
9.395042,-0.0073,-0.0114,0.0809,0.082
9.403467,0.0214,0.0053,0.0162,0.027
9.411139,-0.0411,0.0004,0.1934,0.198
9.419839,0.0406,0.0220,0.0210,0.051
9.427431,0.0002,-0.0306,0.1072,0.111
9.435787,0.0262,-0.0067,0.1336,0.136
9.447899,-0.0047,-0.0066,-0.0317,0.033
9.449082,0.0143,-0.0188,0.1862,0.188
9.456652,0.0001,-0.0304,0.0282,0.041
9.465116,0.0169,0.0053,0.0617,0.064
9.472914,0.0026,-0.0112,0.0857,0.086
9.481100,-0.0024,-0.0112,0.0809,0.082
9.489091,0.0169,-0.0186,0.0402,0.047
9.497143,0.0167,-0.0138,0.1335,0.135
9.504920,0.0216,-0.0114,0.0402,0.047
9.512821,0.0167,-0.0067,0.0737,0.076
9.521711,0.0046,-0.0114,0.1096,0.110
9.529035,0.0166,-0.0210,0.0521,0.059
9.540118,0.0189,-0.0090,0.0474,0.052
9.545586,0.0163,-0.0041,0.1048,0.106
9.553075,0.0020,-0.0042,0.0545,0.055
9.561276,0.0140,-0.0139,0.0905,0.093
9.570954,0.0092,-0.0233,0.0617,0.067
9.576603,0.0020,0.0078,0.0569,0.058
9.586435,-0.0076,-0.0114,0.0641,0.066
9.592329,0.0162,-0.0258,0.0929,0.098
9.601059,-0.0006,-0.0066,0.0857,0.086
9.609551,0.0139,-0.0067,0.0785,0.080
9.618151,0.0044,-0.0114,0.0785,0.079
9.627381,0.0068,-0.0066,0.0713,0.072
9.632719,0.0162,-0.0019,0.0689,0.071
9.641602,0.0162,-0.0043,0.0641,0.066
9.649204,0.0138,0.0005,0.0809,0.082
9.656824,0.0089,-0.0307,0.0665,0.074
9.665688,0.0017,-0.0211,0.0593,0.063
9.673221,0.0160,-0.0141,0.0737,0.077
9.682158,0.0089,-0.0093,0.0569,0.058
9.689201,0.0112,-0.0045,0.0450,0.047
9.697403,0.0160,0.0026,0.0713,0.073
9.704868,0.0041,-0.0070,0.0641,0.065
9.712546,0.0041,-0.0167,0.0785,0.080
9.721283,-0.0007,-0.0168,0.0785,0.080
9.729594,-0.0031,-0.0071,0.0905,0.091
9.739132,0.0065,-0.0168,0.0617,0.064
9.745665,0.0185,-0.0121,0.0593,0.063
9.752304,0.0185,-0.0265,0.0785,0.085
9.761663,0.0041,-0.0242,0.0426,0.049
9.769242,0.0231,-0.0146,0.0785,0.083
9.777431,0.0015,-0.0098,0.0522,0.053
9.786193,-0.0056,-0.0074,0.0809,0.081
9.794866,0.0159,-0.0027,0.0929,0.094
9.803800,0.0111,-0.0075,0.0785,0.080
9.811357,0.0158,-0.0052,0.0617,0.064
9.819830,-0.0033,-0.0124,0.0594,0.061
9.828129,0.0182,-0.0053,0.0570,0.060
9.836038,0.0110,-0.0053,0.0713,0.072
9.841720,0.0110,0.0020,0.0522,0.053
9.849532,0.0086,-0.0029,0.0713,0.072
9.857393,0.0039,-0.0174,0.0522,0.055
9.864925,0.0182,-0.0150,0.0689,0.073
9.873029,0.0136,-0.0006,0.0570,0.059
9.881400,0.0041,-0.0078,0.0953,0.096
9.889810,-0.0030,-0.0149,0.0689,0.071
9.896902,0.0066,-0.0125,0.0570,0.059
9.904860,0.0166,0.0042,0.0761,0.078
9.912843,0.0021,-0.0268,0.0737,0.078
9.921405,0.0141,-0.0174,0.0450,0.050
9.929414,-0.0002,-0.0127,0.0785,0.080
9.939288,0.0166,-0.0175,0.0665,0.071
9.946234,0.0094,-0.0151,0.0665,0.069
9.952819,0.0071,-0.0080,0.0785,0.079
9.961426,-0.0239,-0.0223,0.0593,0.068
9.969869,0.0169,-0.0176,0.0641,0.069
9.977995,0.0121,0.0063,0.0546,0.056
9.985871,0.0241,-0.0082,0.0593,0.065
9.993933,0.0026,-0.0083,0.0570,0.058
10.002229,0.0121,-0.0108,0.0761,0.078
10.010941,0.0026,-0.0347,0.0737,0.082
10.018870,0.0120,-0.0108,0.0785,0.080
10.027542,-0.0023,-0.0156,0.0689,0.071
10.035082,0.0026,-0.0132,0.0833,0.084
10.047499,0.0073,-0.0107,0.0713,0.072
10.049569,0.0001,-0.0323,0.0857,0.092
10.057551,0.0144,-0.0156,0.0617,0.065
10.065164,-0.0143,-0.0203,0.0713,0.076
10.072752,-0.0118,-0.0106,0.0785,0.080
10.080909,0.0144,-0.0106,0.0857,0.088
10.089389,0.0096,-0.0225,0.0905,0.094
10.098030,0.0096,-0.0081,0.0641,0.065
10.105070,0.0168,-0.0033,0.0761,0.078
10.113712,0.0072,-0.0082,0.0905,0.091
10.121120,0.0120,-0.0273,0.0737,0.080
10.128863,0.0119,-0.0274,0.0929,0.098
10.138203,0.0191,0.0061,0.0474,0.051
10.144876,-0.0002,-0.0248,0.0761,0.080
10.152788,0.0237,-0.0199,0.1000,0.105
10.160766,-0.0051,-0.0245,0.0402,0.047
10.169235,0.0042,-0.0127,0.0761,0.077
10.177985,0.0164,-0.0125,0.0617,0.065
10.185571,-0.0078,-0.0053,0.1455,0.146
10.193075,0.0380,0.0041,-0.0508,0.064
10.201615,0.0210,-0.0176,0.1599,0.162
10.208900,0.0066,-0.0150,0.0043,0.017
10.218124,0.0257,-0.0296,0.0785,0.088
10.227842,0.0139,-0.0079,0.0953,0.097
10.235371,-0.0006,-0.0128,0.0474,0.049
10.245205,0.0140,-0.0223,0.0713,0.076
10.251582,0.0069,-0.0149,0.1048,0.106
10.256492,0.0142,-0.0126,0.0378,0.042
10.264447,0.0143,-0.0150,0.0881,0.090
10.272580,0.0118,-0.0054,0.0737,0.075
10.281111,0.0021,-0.0101,0.0354,0.037
10.289634,0.0118,-0.0125,0.0617,0.064
10.297390,0.0070,-0.0029,0.0953,0.096
10.304963,-0.0001,-0.0077,0.0450,0.046
10.312786,0.0021,-0.0052,0.0785,0.079
10.321325,0.0069,-0.0124,0.0641,0.066
10.328778,0.0047,-0.0028,0.0450,0.045
10.336622,0.0021,-0.0315,0.0809,0.087
10.345499,0.0070,-0.0027,0.0522,0.053
10.352782,0.0094,-0.0075,0.0546,0.056
10.360906,-0.0025,-0.0123,0.0809,0.082
10.368870,0.0046,-0.0025,0.0378,0.038
10.377286,-0.0027,-0.0122,0.0785,0.079
10.386372,0.0022,-0.0075,0.0713,0.072
10.393098,0.0094,-0.0146,0.0498,0.053
10.402003,0.0143,-0.0098,0.0617,0.064
10.410388,0.0143,-0.0074,0.0641,0.066
10.419289,0.0239,-0.0218,0.0737,0.081
10.427719,0.0240,-0.0123,0.0809,0.085
10.435483,0.0167,-0.0290,0.0761,0.083
10.444512,0.0144,-0.0027,0.0761,0.077
10.455882,0.0120,-0.0051,0.0617,0.063
10.461215,0.0120,-0.0051,0.0665,0.068
10.464634,-0.0024,-0.0148,0.0713,0.073
10.472312,-0.0001,-0.0364,0.0617,0.072
10.481597,-0.0049,-0.0101,0.0617,0.063
10.489677,-0.0002,-0.0171,0.0689,0.071
10.497861,0.0117,-0.0266,0.0641,0.070
10.505043,0.0021,-0.0052,0.0617,0.062
10.513086,-0.0051,-0.0220,0.0522,0.057
10.521790,0.0211,-0.0053,0.0833,0.086
10.528965,-0.0028,-0.0149,0.0522,0.054
10.536687,0.0163,-0.0270,0.0713,0.078
10.546520,0.0044,-0.0126,0.0522,0.054
10.552817,-0.0028,0.0018,0.0737,0.074
10.560959,0.0140,-0.0054,0.0929,0.094
10.569027,0.0069,-0.0054,0.0665,0.067
10.577695,0.0022,-0.0151,0.0809,0.082
10.585633,-0.0003,-0.0199,0.0665,0.069
10.593820,0.0118,-0.0175,0.0761,0.079
10.601285,0.0045,-0.0271,0.0593,0.065
10.609687,0.0070,-0.0174,0.0665,0.069
10.618570,0.0191,-0.0150,0.0713,0.075
10.626930,-0.0073,-0.0175,0.0809,0.083
10.634508,0.0141,-0.0007,0.0713,0.073
10.643825,0.0213,-0.0079,0.0593,0.064
10.655747,0.0070,-0.0317,0.0689,0.076
10.661162,0.0166,-0.0101,0.0593,0.062
10.667570,0.0309,-0.0125,0.0785,0.085
10.676163,0.0165,-0.0125,0.0617,0.065
10.681469,0.0069,-0.0078,0.0857,0.086
10.690314,-0.0003,-0.0126,0.0785,0.080
10.697107,0.0045,-0.0246,0.0833,0.087
10.704902,0.0045,-0.0150,0.0857,0.087
10.712841,0.0021,-0.0150,0.0689,0.071
10.721303,0.0116,-0.0342,0.0761,0.084
10.729359,-0.0148,-0.0198,0.0522,0.058
10.737963,-0.0004,-0.0149,0.0665,0.068
10.747980,0.0044,-0.0101,0.0809,0.082
10.752689,0.0069,-0.0030,0.0570,0.057
10.761184,0.0044,-0.0197,0.0761,0.079
10.768936,0.0164,-0.0124,0.0522,0.056
10.776807,0.0069,-0.0149,0.0570,0.059
10.784835,0.0189,0.0041,0.0785,0.081
10.793112,0.0046,-0.0199,0.0617,0.065
10.800935,0.0117,-0.0078,0.0665,0.068
10.809643,0.0093,-0.0006,0.0617,0.062
10.817353,0.0044,-0.0173,0.0977,0.099
10.826307,0.0021,-0.0292,0.0809,0.086
10.834652,0.0093,-0.0076,0.0641,0.065
10.843143,0.0139,-0.0100,0.0617,0.064
10.854464,0.0043,-0.0003,0.0641,0.064
10.859971,0.0091,-0.0003,0.0689,0.070
10.868177,0.0068,-0.0123,0.0857,0.087
10.876206,0.0090,-0.0172,0.0881,0.090
10.884615,0.0091,-0.0219,0.0857,0.089
10.889284,0.0043,-0.0052,0.0713,0.072
10.897223,0.0138,-0.0052,0.0737,0.075
10.905460,0.0137,-0.0123,0.0713,0.074
10.913650,0.0066,-0.0100,0.0450,0.047
10.922292,0.0091,-0.0004,0.0593,0.060
10.929650,-0.0028,-0.0220,0.0785,0.082
10.937278,0.0093,-0.0148,0.1000,0.102
10.947335,0.0116,-0.0173,0.0689,0.072
10.952818,0.0164,-0.0052,0.0809,0.083
10.961090,-0.0004,-0.0028,0.0713,0.071
10.968417,0.0115,-0.0196,0.0617,0.066
10.977528,0.0092,-0.0052,0.0785,0.079
10.984957,0.0094,-0.0171,0.0809,0.083
10.994313,0.0142,-0.0050,0.0617,0.064
11.002228,0.0119,-0.0146,0.0641,0.067
11.008750,0.0046,-0.0050,0.0857,0.086
11.018111,0.0118,-0.0242,0.0737,0.078
11.026088,0.0070,-0.0218,0.0665,0.070
11.034833,0.0141,-0.0051,0.0569,0.059
11.043518,0.0045,-0.0170,0.0761,0.078
11.054916,0.0045,-0.0051,0.0785,0.079
11.060140,0.0212,-0.0099,0.0785,0.082
11.067290,0.0092,-0.0100,0.0785,0.080
11.075873,0.0021,-0.0076,0.0569,0.057
11.081204,0.0140,-0.0052,0.0713,0.073
11.089667,0.0069,-0.0077,0.0761,0.077
11.097355,0.0070,-0.0174,0.0474,0.051
11.106236,0.0212,-0.0031,0.0833,0.086
11.113356,0.0045,-0.0078,0.0833,0.084
11.121036,0.0140,-0.0102,0.0593,0.062
11.128828,0.0092,-0.0078,0.0617,0.063
11.136954,0.0070,-0.0197,0.0857,0.088
11.146422,0.0093,-0.0125,0.0737,0.075
11.152807,0.0189,-0.0031,0.0857,0.088
11.161714,0.0164,-0.0103,0.0522,0.056
11.169709,-0.0003,-0.0127,0.0713,0.072
11.177262,0.0166,-0.0174,0.0737,0.078
11.184864,0.0165,-0.0151,0.0713,0.075
11.192796,-0.0098,-0.0079,0.0593,0.061
11.201531,0.0046,-0.0221,0.0593,0.063
11.209301,0.0143,-0.0197,0.0665,0.071
11.216516,0.0023,-0.0173,0.0498,0.053
11.229104,0.0046,-0.0126,0.0737,0.075
11.233791,0.0046,-0.0293,0.0546,0.062
11.241904,0.0142,-0.0005,0.0761,0.077
11.250954,0.0165,-0.0171,0.0857,0.089
11.257545,0.0021,-0.0003,0.0689,0.069
11.266325,-0.0074,-0.0121,0.0785,0.080
11.272309,0.0119,0.0023,0.0905,0.091
11.281070,0.0049,0.0096,0.0761,0.077
11.289039,0.0027,-0.0285,0.0641,0.070
11.297226,0.0122,-0.0115,0.0809,0.083
11.305295,0.0074,-0.0016,0.0617,0.062
11.312567,0.0052,-0.0085,0.0689,0.070
11.321207,-0.0042,-0.0346,0.0737,0.082
11.329277,-0.0041,-0.0152,0.0832,0.085
11.337103,0.0152,-0.0222,0.0569,0.063
11.345341,0.0008,-0.0197,0.0976,0.100
11.352911,0.0033,-0.0744,0.2867,0.296
11.361426,0.0834,-0.0087,-0.1945,0.212
11.369371,-0.0143,-0.0321,0.0880,0.095
11.376930,0.0214,-0.0274,0.1407,0.145
11.385385,0.0024,-0.0104,0.0473,0.048
11.393405,0.0145,-0.0320,0.0305,0.047
11.401677,-0.0071,-0.0176,0.1383,0.140
11.410067,0.0143,-0.0175,0.0185,0.029
11.417963,0.0048,-0.0413,0.0880,0.097
11.426407,0.0142,-0.0007,0.0880,0.089
11.434179,0.0143,-0.0053,0.0353,0.038
11.442758,0.0163,-0.0077,0.0688,0.071
11.454560,0.0139,-0.0101,0.0808,0.083
11.460453,0.0114,-0.0172,0.0569,0.060
11.467360,-0.0101,-0.0100,0.0593,0.061
11.474925,0.0066,-0.0269,0.0808,0.085
11.480605,0.0189,-0.0076,0.0592,0.063
11.489116,0.0213,0.0043,0.0760,0.079
11.497027,0.0045,0.0019,0.0640,0.064
11.504694,0.0045,-0.0005,0.0640,0.064
11.512216,0.0046,-0.0053,0.0640,0.064
11.520308,0.0071,-0.0125,0.0856,0.087
11.529160,0.0095,-0.0151,0.0808,0.083
11.537023,0.0048,-0.0007,0.0688,0.069
11.544773,-0.0024,-0.0198,0.0712,0.074
11.552694,0.0169,-0.0079,0.0784,0.081
11.560722,0.0146,-0.0150,0.0808,0.083
11.568921,0.0193,-0.0030,0.0592,0.062
11.577561,0.0170,-0.0221,0.0928,0.097
11.584968,-0.0047,-0.0197,0.0832,0.086
11.592762,0.0098,-0.0124,0.0545,0.057
11.601067,0.0217,-0.0197,0.0592,0.066
11.608955,-0.0022,-0.0102,0.0736,0.074
11.617964,0.0002,-0.0032,0.0616,0.062
11.626327,0.0195,-0.0152,0.0712,0.075
11.634384,0.0003,-0.0200,0.0712,0.074
11.643009,0.0003,-0.0199,0.0808,0.083
11.650635,0.0051,-0.0343,0.0592,0.069
11.662269,0.0099,-0.0031,0.0592,0.060
11.668032,-0.0021,-0.0152,0.0712,0.073
11.675882,0.0003,-0.0127,0.0688,0.070
11.684274,0.0122,-0.0103,0.0568,0.059
11.689752,0.0002,-0.0127,0.0640,0.065
11.698202,-0.0045,-0.0104,0.0856,0.086
11.705052,0.0147,-0.0153,0.0760,0.079
11.713024,-0.0068,-0.0105,0.0712,0.072
11.721970,0.0052,-0.0200,0.0736,0.076
11.729050,-0.0116,-0.0129,0.0569,0.059
11.737087,0.0124,-0.0224,0.0616,0.067
11.745501,0.0076,-0.0176,0.0760,0.078
11.753536,0.0124,-0.0201,0.0904,0.093
11.761691,0.0197,-0.0128,0.0640,0.068
11.769111,0.0077,-0.0152,0.0760,0.078
11.777482,0.0099,-0.0224,0.0664,0.071
11.784847,0.0052,-0.0055,0.0760,0.076
11.792798,-0.0091,-0.0271,0.0856,0.090
11.800953,0.0076,-0.0270,0.0664,0.072
11.808937,0.0126,-0.0248,0.0712,0.076
11.817227,0.0197,-0.0031,0.0688,0.072
11.826458,0.0078,-0.0246,0.0712,0.076
11.833203,0.0054,-0.0318,0.0880,0.094
11.842248,0.0030,-0.0102,0.0712,0.072
11.850039,0.0079,-0.0174,0.0712,0.074
11.862338,0.0030,-0.0053,0.0784,0.079
11.867356,0.0102,-0.0077,0.0784,0.079
11.874447,0.0077,-0.0077,0.0808,0.082
11.883807,0.0101,-0.0005,0.0808,0.081
11.888802,-0.0019,-0.0006,0.0664,0.066
11.897860,0.0029,-0.0223,0.0712,0.075
11.905582,0.0076,-0.0176,0.0760,0.078
11.913434,-0.0068,-0.0128,0.0640,0.066
11.921383,0.0124,-0.0131,0.0569,0.060
11.929034,0.0053,-0.0158,0.0592,0.062
11.937286,0.0007,-0.0068,0.1071,0.107
11.948469,0.0034,-0.0121,0.1000,0.101
11.956012,0.0034,-0.0147,0.0736,0.075
11.960368,0.0058,-0.0122,0.0784,0.080
11.968605,0.0009,-0.0216,0.0712,0.074
11.977101,0.0127,-0.0190,0.0736,0.077
11.984832,-0.0064,-0.0046,0.0688,0.069
11.992969,0.0080,-0.0093,0.0593,0.061
12.001055,0.0056,-0.0188,0.0832,0.085
12.008688,0.0320,-0.0092,0.0640,0.072
12.018382,0.0128,-0.0284,0.0712,0.078
12.025179,0.0080,-0.0140,0.0784,0.080
12.033250,0.0103,-0.0140,0.0640,0.066
12.041764,-0.0088,-0.0093,0.0569,0.058
12.051713,0.0055,-0.0285,0.0593,0.066
12.062342,0.0033,-0.0238,0.0640,0.068
12.066333,0.0057,-0.0046,0.0664,0.067
12.075535,0.0249,-0.0119,0.0832,0.088
12.083177,0.0010,-0.0264,0.0616,0.067
12.091770,-0.0013,-0.0121,0.0880,0.089
12.100363,0.0202,0.0046,0.0736,0.076
12.105594,0.0154,0.0093,0.0928,0.095
12.112827,0.0105,-0.0314,0.0808,0.087
12.121778,0.0105,0.0020,0.0593,0.060
12.128901,0.0009,0.0020,0.0640,0.064
12.136943,0.0056,-0.0029,0.0856,0.086
12.144877,0.0128,-0.0100,0.0712,0.073
12.152879,0.0030,-0.0220,0.0808,0.084
12.160894,0.0101,-0.0125,0.0641,0.066
12.168325,0.0102,-0.0173,0.0521,0.056
12.176544,0.0031,-0.0126,0.0784,0.079
12.184379,0.0054,-0.0199,0.0712,0.074
12.196538,-0.0018,-0.0103,0.0976,0.098
12.201024,0.0102,-0.0175,0.0904,0.093
12.208927,0.0198,-0.0102,0.0760,0.079
12.219053,0.0151,-0.0127,0.0856,0.088
12.224629,-0.0041,-0.0008,0.0353,0.036
12.232515,0.0195,-0.0319,0.1335,0.139
12.241112,0.0035,-0.0174,0.0305,0.035
12.251965,0.0297,-0.0056,0.1000,0.104
12.256307,0.0128,-0.0056,0.0760,0.077
12.264680,0.0128,-0.0057,0.0688,0.070
12.273194,-0.0016,-0.0104,0.0425,0.044
12.282301,0.0079,-0.0056,0.0617,0.062
12.291282,0.0080,-0.0269,0.0832,0.088
12.300934,0.0056,-0.0103,0.0832,0.084
12.305494,0.0106,-0.0127,0.0880,0.090
12.313053,0.0249,-0.0008,0.0617,0.067
12.321074,0.0224,-0.0031,0.0545,0.059
12.328822,0.0033,-0.0055,0.0736,0.074
12.336966,0.0223,-0.0103,0.0904,0.094
12.344267,-0.0064,-0.0150,0.0736,0.075
12.352370,0.0175,-0.0175,0.0736,0.078
12.360619,0.0152,-0.0031,0.0784,0.080
12.368343,-0.0089,-0.0151,0.0808,0.083
12.376706,0.0005,-0.0030,0.0617,0.062
12.384472,0.0173,-0.0174,0.0617,0.066
12.393424,0.0150,-0.0077,0.0880,0.090
12.401236,0.0103,-0.0223,0.0760,0.080
12.408648,0.0103,-0.0151,0.0712,0.074
12.416563,0.0031,0.0042,0.0784,0.079
12.424886,0.0174,-0.0197,0.0808,0.085
12.433683,0.0079,-0.0077,0.0688,0.070
12.442987,0.0054,-0.0148,0.0832,0.085
12.450880,0.0172,-0.0029,0.0665,0.069
12.462276,0.0171,0.0042,0.0856,0.087
12.468007,0.0076,-0.0030,0.0832,0.084
12.474484,0.0125,-0.0006,0.0760,0.077
12.483036,0.0102,-0.0126,0.0808,0.082
12.491755,0.0100,-0.0078,0.0712,0.072
12.500886,0.0195,-0.0078,0.0760,0.079
12.509479,-0.0044,-0.0078,0.0641,0.065
12.513286,0.0147,-0.0006,0.0712,0.073
12.521264,0.0076,-0.0174,0.0736,0.076
12.529789,0.0125,0.0136,0.0904,0.092
12.536822,0.0173,-0.0272,0.0545,0.063
12.545208,-0.0091,-0.0128,0.0832,0.085
12.553195,0.0030,0.0159,0.0569,0.059
12.561042,0.0030,-0.0105,0.0617,0.063
12.568869,0.0078,-0.0034,0.0784,0.079
12.577619,0.0268,-0.0082,0.0808,0.086
12.585041,0.0125,-0.0035,0.0593,0.061
12.592802,0.0172,-0.0202,0.0641,0.069
12.600890,0.0268,0.0014,0.0760,0.081
12.609232,0.0124,-0.0131,0.0856,0.087
12.618026,-0.0018,-0.0204,0.0689,0.072
12.626279,0.0054,-0.0157,0.0784,0.080
12.634046,0.0078,-0.0157,0.0521,0.055
12.642994,0.0172,-0.0110,0.0545,0.058
12.651908,0.0197,0.0057,0.0832,0.086
12.662118,0.0029,-0.0110,0.0425,0.044
12.671596,0.0219,-0.0254,0.0856,0.092
12.676349,-0.0067,-0.0230,0.0569,0.062
12.683699,0.0028,-0.0230,0.0641,0.068
12.690531,0.0052,-0.0039,0.0593,0.060
12.700255,0.0101,-0.0206,0.0617,0.066
12.709732,0.0077,0.0056,0.0713,0.072
12.717741,0.0075,-0.0136,0.0784,0.080
12.721132,0.0147,-0.0112,0.0736,0.076
12.729616,0.0146,-0.0136,0.0713,0.074
12.737761,0.0097,0.0054,0.0713,0.072
12.745544,0.0073,-0.0162,0.0880,0.090
12.753490,0.0097,-0.0208,0.0737,0.077
12.761041,0.0001,-0.0040,0.0808,0.081
12.769427,0.0049,-0.0160,0.0665,0.069
12.777712,0.0049,-0.0160,0.0641,0.066
12.785198,0.0121,-0.0041,0.0832,0.084
12.793046,-0.0070,-0.0209,0.0545,0.059
12.801234,0.0097,-0.0114,0.0665,0.068
12.808897,0.0192,-0.0067,0.0713,0.074
12.817219,-0.0023,-0.0138,0.0832,0.084
12.825359,0.0241,-0.0043,0.0761,0.080
12.833841,0.0072,-0.0091,0.0569,0.058
12.842065,0.0191,-0.0045,0.0665,0.069
12.850605,0.0168,-0.0165,0.0689,0.073
12.858852,0.0070,-0.0164,0.0808,0.083
12.869148,-0.0074,-0.0188,0.0593,0.063
12.876283,0.0118,-0.0116,0.0904,0.092
12.883694,0.0142,-0.0142,0.0617,0.065
12.892155,0.0118,0.0024,0.0761,0.077
12.900209,0.0167,-0.0120,0.0832,0.086
12.908515,0.0167,-0.0240,0.0641,0.070
12.916898,0.0264,-0.0002,0.0689,0.074
12.921633,0.0072,-0.0050,0.0713,0.072
12.929148,0.0190,-0.0145,0.0928,0.096
12.937527,0.0118,-0.0169,0.0761,0.079
12.945014,0.0118,-0.0050,0.0689,0.070
12.952897,0.0141,-0.0146,0.0665,0.070
12.960662,0.0380,-0.0194,0.0713,0.083
12.968555,0.0093,-0.0267,0.1072,0.111
12.976432,0.0070,-0.0003,0.0737,0.074
12.984754,0.0166,-0.0147,0.0976,0.100
12.992964,0.0142,-0.0076,0.0761,0.078
13.001336,0.0094,-0.0101,0.0737,0.075
13.008814,0.0070,-0.0028,0.0761,0.076
13.017505,0.0023,-0.0077,0.0761,0.076
13.025246,-0.0026,-0.0198,0.0713,0.074
13.033396,0.0069,-0.0102,0.0880,0.089
13.042547,0.0164,-0.0127,0.0617,0.065
13.049734,0.0067,-0.0318,0.0641,0.072
13.057824,0.0043,-0.0438,0.0761,0.088
13.070294,0.0113,-0.0245,0.0761,0.081
13.075947,-0.0032,-0.0101,0.0785,0.079
13.083771,0.0016,-0.0029,0.0809,0.081
13.092164,0.0014,-0.0220,0.0641,0.068
13.100188,0.0039,-0.0099,0.0617,0.063
13.108588,0.0254,-0.0099,0.0689,0.074
13.117691,0.0109,-0.0123,0.0928,0.094
13.125261,0.0083,-0.0243,0.0665,0.071
13.129251,-0.0038,-0.0170,0.0689,0.071
13.137309,0.0154,0.0045,0.0881,0.090
13.145384,0.0129,-0.0290,0.0713,0.078
13.156049,0.0129,-0.0219,0.0761,0.080
13.162390,0.0105,-0.0243,0.0641,0.069
13.169476,-0.0016,-0.0147,0.0737,0.075
13.178162,0.0033,-0.0004,0.0761,0.076
13.185203,0.0058,-0.0147,0.0809,0.082
13.193104,0.0010,-0.0123,0.0737,0.075
13.200822,-0.0038,-0.0099,0.0713,0.072
13.208807,0.0034,-0.0052,0.0689,0.069
13.216609,0.0035,-0.0195,0.0665,0.069
13.227666,0.0084,-0.0052,0.0833,0.084
13.232357,0.0060,-0.0124,0.0785,0.080
13.240604,0.0059,-0.0196,0.0737,0.076
13.249193,0.0489,-0.0291,0.0306,0.065
13.256584,0.0179,-0.0124,0.1335,0.135
13.265139,-0.0271,0.0065,0.0329,0.043
13.272411,-0.0012,-0.0264,0.1693,0.171
13.280181,-0.0200,0.0006,0.0233,0.031
13.288794,-0.0223,-0.0050,0.0855,0.088
13.296459,0.0101,-0.0053,0.0543,0.056
13.305660,-0.0062,-0.0104,0.0352,0.037
13.314037,-0.0040,-0.0078,0.0903,0.091
13.322356,0.0049,-0.0053,0.0855,0.086
13.328546,-0.0061,0.0070,0.0520,0.053
13.336307,-0.0084,0.0030,0.0664,0.067
13.344492,0.0024,-0.0075,0.0760,0.076
13.352563,0.0425,-0.0366,0.0545,0.078
13.360622,0.0187,-0.0373,0.1120,0.119
13.368706,-0.0147,-0.0037,0.0737,0.075
13.376535,-0.0032,-0.0252,0.0856,0.089
